feature,mean_importance
Gender,0.0
RoomNumber,0.00010037256597814626
BillingAmount,0.0005960522926185874
Age,0.001291861121320581
