feature,mean_importance
Gender,-5.237317103690131e-06
Age,0.0004227912909929188
BillingAmount,0.00046766289166901844
RoomNumber,0.0008942047335063652
