feature,mean_importance
Gender,1.3411284409103886e-05
Age,0.00012663844629479115
BillingAmount,0.00038358924404509055
RoomNumber,0.0004075990581506428
