feature,mean_importance
Gender,-5.237317103246042e-06
Age,0.00042279129099327407
BillingAmount,0.0004676628916694181
RoomNumber,0.0008942047335068537
