feature,mean_importance
Age,-7.196287110149413e-05
Gender,-5.002482873797121e-05
BillingAmount,-2.2937202759010232e-05
RoomNumber,0.00014024942890453752
